AvgSpeed,MaxSpeed,MinSpeed,AvgThrottle,MaxThrottle,BrakePercentage,DRSPercentage,AvgRPM,MaxRPM,AvgGear,CorneringSpeed
96.90633776571049,273.5979157333333,29.0,27.563311026115883,100.0,28.663793103448278,3.4482758620689653,7917.679906843223,12031.0,2.1928879310344827,46.08816552533333
157.39373417586177,288.0,46.0,54.32097837104226,100.0,29.432624113475175,6.73758865248227,9626.366697722662,12045.0,3.8404255319148937,77.476998272
111.82156289236013,280.0,37.0,31.294881974333478,100.0,29.81366459627329,4.22360248447205,8181.458259532372,12019.0,2.7217391304347824,55.860499328
164.40167828518275,289.0,48.0,56.32341635091227,100.0,30.627306273062732,7.011070110701106,9849.999950403455,12670.0,3.9981549815498156,80.0
118.62362863323109,278.0,39.0,32.11017017119075,100.0,31.04359313077939,5.151915455746367,8485.35386440298,11982.0,2.85336856010568,54.55499648
163.20848356552287,288.0,48.0,57.06124118795766,100.0,27.76769509981851,7.80399274047187,9828.386917179292,12258.0,3.97459165154265,78.0
111.76345579645549,274.0,39.0,28.856682288057122,100.0,26.65832290362954,3.879849812265332,8272.499210400149,12084.0,2.6570713391739673,54.98714368
132.6410919831291,275.36110933333333,39.0,39.090424214954325,100.0,31.10773899848255,5.007587253414264,8743.986736419081,12022.0,3.3520485584218513,63.21071451428572
12.362590611558005,288.0,0.0,85.2535627971218,104.0,82.1791972866026,0.12719050310910118,1080.262140096474,12779.0,2.6442873969375738,0.0
116.36384327912485,275.6333312,38.0,37.51843620470287,100.0,27.483870967741936,4.645161290322581,8493.309153114773,11871.0,2.6825806451612904,40.0
165.00691550335378,287.0,49.0,57.69768182077147,100.0,27.037037037037038,7.777777777777778,9875.648776944203,12464.0,3.998148148148148,79.161996544
120.52394004631725,278.0,39.0,31.813409020147198,100.0,28.706199460916444,4.5822102425876015,8335.225653118587,12111.0,3.0539083557951483,57.0
129.3148596006556,275.7562464,40.0,36.62987822419947,100.0,29.86822840409956,5.563689604685212,8710.956466958358,12056.0,3.226939970717423,62.09444295111111
163.896107239444,290.0,46.0,57.551374119639505,100.0,28.284671532846716,7.846715328467154,9875.27703960425,12735.0,3.948905109489051,79.19356668595991
60.25683378437396,279.0,0.0,18.826898179384536,100.0,23.198942498347655,0.39656311962987445,4592.590285103684,11818.0,2.6985210466439136,0.0
114.01980714203891,259.0,45.0,33.54243190960247,100.0,31.242158092848182,0.0,8477.092452843715,12036.0,2.707653701380176,61.055000320000005
124.65372327478885,277.6749994666667,16.0,34.963457187739394,100.0,32.32462173314993,4.951856946354883,8559.647209787514,11818.0,3.0192572214580466,53.06374976
22.196295150751,288.0,0.0,71.89582823815114,104.0,72.27648384673178,0.20035061357375405,1938.1029441414903,11870.0,2.4479638009049776,0.0
127.85587706101462,275.5660399231034,12.515623999999999,41.925245820976755,100.0,29.88505747126437,4.597701149425287,8823.675310050612,11894.0,3.067528735632184,62.0
165.09358655669357,286.0,49.0,58.53702313257124,100.0,26.355140186915886,8.224299065420562,9906.404166918373,12524.0,4.022429906542056,78.80983962412698
118.85473990869825,278.90909672727275,28.0,33.20634254339497,100.0,28.401585204755612,4.491413474240423,8260.446334203692,11900.0,2.9220607661822986,45.554999542857146
44.75951580146264,289.0,0.0,66.97509735139175,104.0,59.95049504950495,0.594059405940594,3207.6215629021185,12033.0,3.0278551532033426,0.0
102.6805139905992,277.1222215111111,28.0,32.3166084082089,100.0,26.5661252900232,3.82830626450116,7884.33513200347,11982.0,2.3735498839907194,38.557142400000004
128.71569429197748,288.0,3.0,38.65605114921129,100.0,26.307189542483663,1.6339869281045754,8541.111183660989,12533.0,3.2026143790849675,36.463250784
100.52184743009202,271.9166677333333,29.0,28.371924296606473,100.0,29.84234234234234,2.815315315315315,7987.5608924805265,11960.0,2.2927927927927927,43.0
136.61963650095808,278.0,38.0,41.623933880505064,100.0,33.28267477203647,5.47112462006079,8870.449518638776,12022.0,3.39209726443769,58.7656232
161.29603441587176,291.0,47.0,53.734762124948695,100.0,29.609929078014186,6.73758865248227,9637.555801384211,12194.0,4.040780141843972,77.0
122.18468145385616,277.0,43.0,30.50308851597033,100.0,26.859504132231404,3.443526170798898,8438.98851393344,11664.0,3.0991735537190084,62.0
119.72941470500506,272.57142857142856,41.0,31.748010114693304,100.0,25.168236877523555,4.037685060565275,8186.964589521888,12033.0,3.1574697173620456,58.49606066424242
163.4639030282328,287.0,47.0,54.04345390623233,100.0,30.474452554744524,8.02919708029197,9702.62887610362,12538.0,4.094890510948905,78.58
111.93514967546945,278.0,28.0,28.591206829479873,100.0,23.247232472324722,2.091020910209102,7830.002290744573,12006.0,2.905289052890529,45.0
111.13083081555129,272.5906264,26.0,29.444086057679193,100.0,22.89308176100629,4.276729559748428,7691.804257936991,12028.0,2.920754716981132,40.400000000000006
13.138697708925724,283.0,0.0,84.77427274589618,104.0,82.29522818492642,0.10405827263267431,1152.0726806842856,12186.0,2.59682899207248,0.0
125.0484043521538,275.3750016,33.0,40.10081122403369,100.0,23.79603399433428,4.674220963172805,8341.80416183254,12129.0,3.171388101983003,52.0
165.03975937995654,288.0,49.0,55.463513121441814,100.0,30.198915009041592,8.499095840867993,9860.687844732305,12597.0,4.097649186256781,80.2
119.14628286321908,276.0,36.0,26.717113544929,96.22857142857143,22.493224932249323,0.27100271002710025,8176.293678408038,11420.0,3.154471544715447,62.6625024
113.74338573570145,275.4388705827971,24.0,30.346974337012377,100.0,28.169014084507044,3.969270166453265,7901.475766242086,11888.0,3.005121638924456,53.0
118.74478289545252,285.0,0.0,35.55379014467352,100.0,32.2972972972973,1.4864864864864866,8256.874541289993,11915.0,3.035135135135135,39.493438160000004
116.13750812874054,265.1124992,42.0,31.483667489056586,100.0,21.21212121212121,3.535353535353535,7992.910496365481,11980.0,3.0782828282828283,60.80142303235258
129.19039869935088,277.0,41.0,35.782137369394285,100.0,24.859550561797754,6.179775280898876,8326.494184568377,12105.0,3.4297752808988764,61.963997696
151.6897234716491,287.0,48.0,47.37342834089287,100.0,31.155778894472363,2.8475711892797317,9387.163256716194,12371.0,3.8040201005025125,68.0
109.83926004629029,276.796876,14.0,29.091838257576004,100.0,24.150485436893206,3.762135922330097,7893.240404817084,11807.0,2.8907766990291264,49.0
162.10656243647955,288.0,47.0,53.80826797819937,100.0,30.712979890310788,7.312614259597806,9721.76079019785,12496.0,4.060329067641682,80.45428626285714
25.73907230600114,277.0,0.0,66.81409025868263,104.0,65.85230427540255,0.055524708495280406,2118.7913691289723,11102.0,2.4775474956822108,0.0
118.55133809408105,279.0535734857143,20.0,39.41130564950137,100.0,21.00271002710027,3.6585365853658534,8279.545134652684,12240.0,2.924137931034483,44.0
165.17442708518254,289.0,47.0,56.68339459018625,100.0,31.5018315018315,6.227106227106227,9894.272354287072,12273.0,4.089743589743589,81.3906248
33.15071662915372,282.0,0.0,66.58811650715016,104.0,64.82242990654206,0.11214953271028037,2640.3623100062023,11988.0,2.738609112709832,0.0
104.70336794876638,280.15499904,11.0,35.09177083888253,100.0,21.922626025791324,3.985932004689332,7540.033844634087,12052.0,2.5885111371629543,35.0
35.865656476832584,290.0,0.0,10.210794426424227,100.0,16.619452313503306,0.7554296506137866,2660.876074614196,12117.0,3.667924528301887,0.0
124.37151308740779,272.6187488,30.0,38.385537026317245,100.0,25.783475783475783,4.985754985754986,8713.64340477854,12372.0,2.8347578347578346,49.87318208
158.66541177636066,288.0,45.0,52.918730709643256,100.0,32.8719723183391,8.131487889273355,9737.069202567836,12538.0,3.6937716262975777,75.7
109.05304125115875,274.1500032,7.0,29.621678265211937,100.0,23.06748466257669,4.662576687116564,7974.205669374281,12262.0,2.5742331288343556,25.189999786666668
159.97526568857643,289.0,45.0,52.83697418526321,100.0,27.447552447552447,7.8671328671328675,9836.619445320059,12238.0,3.715034965034965,78.1
116.27918169025386,277.0,28.0,28.13812565940699,100.0,30.36935704514364,4.651162790697675,8402.57041054146,12099.0,2.6730506155950753,54.0
160.97284863799598,287.0,44.0,53.984538562851256,100.0,27.171903881700555,8.133086876155268,9821.393298774557,12369.0,3.767097966728281,78.0
126.87062199610342,275.8285714285714,37.0,32.136649915849844,100.0,25.17385257301808,5.285118219749652,9004.443224855402,12289.0,2.842837273991655,61.0
161.97120349403266,286.0,45.0,55.017221317335434,100.0,29.20353982300885,8.672566371681416,9872.983905381163,12546.0,3.7946902654867256,78.0
11.117315684810182,273.0,0.0,59.63519713782858,104.0,58.45959595959596,0.06313131313131314,942.8122506983228,12104.0,2.377574370709382,0.0
128.01351390327443,275.61499904,34.0,40.403409773629505,100.0,31.22302158273381,5.755395683453238,9242.260596255326,12602.0,2.6992805755395683,55.0
163.09102680628644,288.0,46.0,54.556818845597654,100.0,26.277372262773724,7.2992700729927,9903.614667886233,12174.0,3.781021897810219,76.0
68.78340825971875,273.5833344,0.0,21.38348043668799,100.0,24.110671936758894,0.47430830039525695,5429.72715626114,11972.0,2.351543942992874,0.0
138.90282235194775,274.156248,47.0,42.11176258098993,100.0,26.717557251908396,5.648854961832061,9665.86378795909,12298.0,2.9603053435114504,70.19428717714287
162.61488367193098,288.0,47.0,54.804140104650585,100.0,26.958105646630237,7.832422586520947,9904.80021092593,12230.0,3.768670309653916,80.478996736
42.71034275785053,277.0,0.0,14.720219872161312,100.0,9.612692487167521,0.2799813345776948,3292.8910091945854,12261.0,2.7022613065326633,0.0
124.73469485484463,279.0812496,38.0,40.139032660769594,100.0,27.926657263751764,4.9365303244005645,9027.129511198007,12441.0,2.6276445698166433,52.184000512
164.98657000324343,291.0,47.0,55.275474683713554,100.0,28.20976491862568,8.318264014466546,10004.462520516547,12374.0,3.81374321880651,80.0
25.456141603262193,276.0,0.0,39.24218244957458,104.0,41.4349276974416,0.13904338153503892,2261.836222958811,12115.0,2.3357894736842106,0.0
127.9706369297645,278.1625024,30.24500096,41.44418664245982,100.0,30.58321479374111,5.263157894736842,9389.618691804862,12607.0,2.5803698435277385,54.0
163.94823332159905,290.0,47.0,56.308090805054505,100.0,27.83882783882784,8.424908424908425,10016.418508164028,12281.0,3.769230769230769,80.05208266666666
129.47835432204715,281.0,42.0,32.14818761981188,100.0,24.639769452449567,6.195965417867435,9075.978459773725,12132.0,2.9279538904899134,67.744999232
158.62117882269516,287.0,45.0,53.3625388993493,100.0,28.546409807355516,2.8021015761821366,9965.847283487317,12289.0,3.625218914185639,74.67500288
63.286673073675345,274.0,0.0,24.64438503476758,100.0,14.09252669039146,0.2846975088967972,4807.367722110175,12522.0,2.5818431911966986,0.0
127.40196055254923,278.14999893333334,38.0,42.271699738712286,100.0,28.179190751445088,4.190751445086705,9223.475509831374,12372.0,2.6228323699421967,54.0
33.85796302643722,289.0,0.0,45.7116071824619,104.0,43.27272727272727,0.7272727272727273,2508.9790306459668,12151.0,3.3431734317343174,0.0
116.80195407239626,275.0625024,18.0,34.32341293167311,100.0,21.986754966887418,4.635761589403973,8251.936347484248,12279.0,2.6887417218543046,32.0
158.61136186857485,288.0,47.0,51.60734847006851,100.0,27.508650519031143,7.26643598615917,9824.311413664529,12129.0,3.6782006920415227,77.0
123.35067937517469,277.5777777777778,14.0,30.22677709655419,100.0,23.578363384188627,4.854368932038835,8463.559924187868,11894.0,2.986130374479889,49.4625024
161.58248008133222,288.0,48.0,52.123027879984974,100.0,29.668411867364746,8.027923211169284,9824.544276151419,12036.0,3.7713787085514836,78.047999488
119.35772410703497,276.56,27.0,27.790547862859423,100.0,23.34254143646409,4.972375690607735,8343.461833653828,11927.0,2.8577348066298343,49.0
159.7084232346756,286.0,44.0,53.16210193266965,100.0,27.323420074349443,7.434944237918216,9817.271040443642,12075.0,3.741635687732342,78.08
129.52586690221307,276.0689667625129,39.0,29.33598730009752,100.0,24.362606232294617,4.957507082152975,8708.127555518706,11932.0,3.123229461756374,61.0
161.16135542845007,287.0,45.0,52.50458078166461,100.0,31.09540636042403,7.420494699646643,9860.235653036736,12545.0,3.7897526501766783,79.3
11.529417296383938,272.75,0.0,75.19935328879092,104.0,73.30116081909482,0.07825746706664928,892.3952662494662,12059.0,2.5881627620221948,0.0
142.7712644064183,273.79545716363634,34.41749568,45.79451698581279,100.0,25.44570502431118,4.862236628849271,9491.077060838445,12192.0,3.2479740680713127,71.07285467428571
162.75629411590432,286.0,45.0,54.528206726752025,100.0,27.87769784172662,7.553956834532374,9865.71939915009,12196.0,3.789568345323741,79.42500195555556
108.86156385763054,276.0,19.0,29.23585089871538,100.0,21.1750305997552,0.4895960832313341,8116.1498813781855,11556.0,2.511627906976744,57.80142884571429
120.16633390044841,276.056,42.0,32.33151825871778,100.0,22.833562585969737,4.264099037138927,8760.161037651491,12172.0,2.675378266850069,63.0
162.34419149514403,286.0,49.0,52.55990991248286,100.0,29.09090909090909,6.181818181818182,9884.316988568553,12216.0,3.82,80.0
35.14098792690091,272.9875008,0.0,20.44360930011671,104.0,18.111154294597746,0.2720559657986786,2629.195651392207,11862.0,2.700122399020808,0.0
116.4962704516444,277.11828114849465,24.0,31.874738717333496,100.0,24.33862433862434,4.232804232804233,8562.474542200755,12062.0,2.5357142857142856,47.0928576
164.08588034609085,289.0,48.0,54.959815374385734,100.0,26.811594202898554,7.246376811594203,9926.833743582198,12195.0,3.8532608695652173,80.0
25.52392563314755,274.0,0.0,30.44013688832571,104.0,30.900447427293066,0.13982102908277405,2213.224168613763,11481.0,2.4565656565656564,0.0
127.33957577819184,277.73134383485575,31.0,41.43693919324574,100.0,24.78753541076487,4.957507082152975,9240.189527951012,12257.0,2.6090651558073654,56.96875093333333
164.72883416146976,288.0,46.0,55.4130535389162,100.0,28.233151183970858,7.285974499089254,9967.684587003903,12173.0,3.8269581056466304,78.95000064
59.54699463859984,282.0,0.0,15.526621103919034,100.0,13.981358189081226,0.5326231691078562,4399.7682267435375,11758.0,2.7476882430647294,0.0
138.87196531811736,277.1562472,47.0,42.719210362608344,100.0,26.48401826484018,5.47945205479452,9445.838900047698,12273.0,3.0624048706240488,67.90666752
164.06557627362733,286.0,45.0,54.84842292059759,100.0,26.0,6.0,9937.618513890162,12299.0,3.8345454545454545,79.0
114.12133900126966,276.7678582857143,29.0,27.15658195805742,100.0,25.259067357512954,4.015544041450777,8376.342925052737,12220.0,2.5738341968911915,46.012562906512436
38.06124713656875,286.0,0.0,10.899557751216124,100.0,10.098039215686274,0.9803921568627451,2727.0720682060396,12257.0,3.176470588235294,0.0
120.28596806620175,270.4500004571429,39.73750016,30.86686834239581,99.0,13.994565217391305,3.804347826086957,8995.063519697587,12190.0,2.599184782608696,56.784311443125304
156.5313036648958,288.0,43.0,49.90306577633964,100.0,23.404255319148938,7.092198581560284,9619.773100805298,12105.0,3.734042553191489,75.8663599709091
103.15767993312095,273.0,19.0,21.16389628138872,100.0,19.453924914675767,2.2753128555176336,8169.4059851627335,11868.0,2.2377701934015928,40.24889002666667
159.394525224534,287.0,44.0,51.72144034824754,100.0,23.426573426573427,6.8181818181818175,9650.84529548936,12927.0,3.9038461538461537,78.0
121.40948800566944,281.0,37.0,26.18969203993068,100.0,21.662125340599456,4.768392370572207,9058.464193183641,12090.0,2.6185286103542236,55.0
161.38951761714506,288.0,44.0,52.44844340531595,100.0,25.045372050816695,8.348457350272232,9622.835198064911,12502.0,3.958257713248639,78.65999616
50.04641976125922,279.0,0.0,40.40373166094437,104.0,40.82672706681767,0.28312570781426954,4224.345300241628,12000.0,2.4468599033816427,0.0
112.04486795472747,274.3375008,39.0,26.614683173502215,100.0,18.773946360153257,3.7037037037037033,8859.56467365836,12082.0,2.3026819923371646,53.0
34.735944090040554,288.0,0.0,36.709731737663304,104.0,34.76020610384463,0.43598890210067376,3725.4534119338587,12575.0,2.5159453302961277,0.0
118.68985009343827,272.87749888,32.0,34.76824519282116,100.0,14.775725593667547,4.221635883905013,8686.435033173091,12675.0,2.6055408970976255,45.164062640000004
160.3430159675171,287.0,46.0,51.60203102891339,100.0,24.500907441016334,5.9891107078039925,9709.507101617388,12941.0,3.8421052631578947,78.02499946666667
28.334248288171278,275.0,0.0,57.40358740912881,104.0,56.92307692307692,0.16025641025641024,3138.3374937236267,11895.0,2.392361111111111,0.0
126.19822402056822,274.5249984,34.0,37.04582927729269,99.0,20.857142857142858,4.285714285714286,9117.659652128334,12404.0,2.7328571428571427,49.3562464
161.93272006241702,289.0,46.0,53.7721357399326,100.0,22.423146473779383,7.775768535262206,9755.82269075289,12553.0,3.9276672694394215,76.22000384
122.49502373680433,280.0,40.0,24.909940924048563,99.0,21.00954979536153,5.184174624829468,9262.928340371773,11870.0,2.5757162346521145,60.0
163.37755499027514,287.0,46.0,55.406784540048285,100.0,22.71880819366853,7.4487895716946,9804.107621438105,12574.0,3.9664804469273744,79.22928036571429
52.723409953368275,281.0,0.0,42.66465685483506,104.0,40.0,0.3498542274052478,4403.373127816067,11848.0,2.6611039794608473,0.0
123.49190280030986,274.7749984,41.0,33.085304739654745,99.0,17.292225201072387,4.557640750670242,9248.706001484084,12199.0,2.5898123324396782,57.063333119999996
163.49926095411018,286.0,45.0,53.86668867925996,100.0,24.199288256227756,7.829181494661921,9793.57371398284,13097.0,3.9768683274021353,80.97000448
17.75837368745366,276.8333333333333,0.0,72.0289502460134,104.0,71.01016138673042,0.09962143853357243,2655.2199242550646,11630.0,2.342789598108747,0.0
120.00545761839017,275.8888903111111,20.3562512,32.06191836322655,99.0,19.78319783197832,3.9295392953929538,8833.588352800953,12223.0,2.605691056910569,49.0
161.83430171390245,288.0,43.0,54.099226004059446,100.0,23.201438848920862,7.374100719424461,9720.915267798855,12938.0,3.946043165467626,76.0
55.388875686801086,280.0,0.0,41.01644547831148,104.0,39.208410636982066,0.3710575139146568,4831.572711517283,12000.0,2.488341968911917,0.0
135.25764478547896,274.36500096000003,45.0,37.1570644568839,99.0,22.337278106508876,5.325443786982249,9507.000973585933,12221.0,2.9659763313609466,68.45000160000001
162.95452848547217,286.0,47.0,55.58169917214895,100.0,21.85185185185185,7.962962962962964,9855.57221041986,13095.0,3.912962962962963,78.1687536
101.87650377101275,280.0,20.0,19.246880344703882,99.0,15.314285714285713,4.114285714285714,8378.569014811721,12787.0,2.1382857142857143,36.0
120.47690320465685,274.2875024,39.0,36.24334785617149,100.0,19.972067039106143,4.4692737430167595,8522.504192539402,11893.0,2.875698324022346,55.841666133333334
153.80725607404526,284.0,46.0,49.69388415957199,100.0,27.87162162162162,7.601351351351352,9408.318099241897,12319.0,3.8192567567567566,77.0
110.84481136104768,271.18749653333333,16.0,25.29887419129761,100.0,15.17412935323383,3.9800995024875623,7760.844615761077,11915.0,2.9203980099502487,36.66462551271301
160.21709513785206,286.0,45.0,54.52421661365164,100.0,25.817555938037867,8.261617900172118,9678.833505569228,12412.0,3.891566265060241,77.85000959999999
128.0469432395069,272.1500032,45.0,29.60322253425116,100.0,16.97841726618705,5.323741007194244,8154.110429366346,11758.0,3.5597122302158275,64.0
158.46816178377665,287.0,48.0,54.01482650158966,100.0,26.014760147601475,7.9335793357933575,9723.147514857968,12388.0,3.8062730627306274,75.019500672
113.30101828006303,275.0,0.0,30.379971378410414,100.0,17.193426042983564,0.37926675094816686,7856.572833236098,11575.0,3.0075853350189634,50.0
132.4841489494538,231.0,47.0,40.2655003050341,100.0,22.61380323054332,0.0,8740.172253747716,11647.0,3.36417033773862,69.0
129.59649477559188,274.71966906349985,46.0,33.370992274455524,100.0,17.851959361393323,4.934687953555878,8372.269724871172,11867.0,3.4615384615384617,61.0
158.97382339128825,286.0,48.0,52.795856398995035,100.0,24.952380952380953,7.809523809523809,9708.445373190754,12581.0,3.843809523809524,79.0
13.316192619899109,271.8068194909091,0.0,80.90567423855029,104.0,78.35765885301488,0.044228217602830605,1296.4879217587618,11985.0,2.2051971326164876,0.0
112.04006518849157,248.0,34.0,31.194137841751658,100.0,15.452261306532664,3.015075376884422,7955.097249926607,12455.0,2.7324120603015074,37.0
125.9383095395129,274.91666346666665,39.0,32.17335851092219,100.0,21.045197740112993,4.80225988700565,8397.957278290085,12109.0,3.1807909604519775,52.0
163.09997957433492,287.0,48.0,55.80576689677628,100.0,26.497277676950997,7.985480943738657,9847.253711675532,12278.0,3.927404718693285,80.0
123.80763273385337,278.0,37.0,30.6362157576009,100.0,18.482758620689655,4.9655172413793105,8051.812068515819,11834.0,3.3641379310344828,58.00666794666667
160.0549606252354,286.0,49.0,54.64562272984797,100.0,23.885918003565063,1.6042780748663104,9710.384380790241,12477.0,3.8966131907308377,77.0
60.54698035490436,242.0,0.0,41.38704030183592,104.0,35.7429718875502,0.0,4435.439339245309,11739.0,3.077018633540373,0.0
120.62540278598726,273.675,37.125000533333335,33.531365551164654,100.0,24.641460234680572,4.954367666232073,8401.851022037132,11874.0,2.9621903520208606,59.33000064
162.29870840954862,286.0,51.0,54.90096867109676,100.0,25.09090909090909,7.2727272727272725,9815.955839798107,12084.0,3.930909090909091,78.3894249701806
20.920607279742978,277.0,0.0,73.97702291423927,104.0,70.43499043977054,0.07170172084130019,1840.265019487254,11593.0,2.6532544378698226,0.0
120.91971820447893,249.0,37.0,35.0576612142692,100.0,19.781718963165076,2.8649386084583903,8466.030732757443,11708.0,2.889495225102319,52.0
131.5685893022716,275.3,42.0,36.151910412473875,100.0,22.056631892697467,4.918032786885246,8599.697952356806,11849.0,3.3323397913561847,58.02500096
163.00666794750128,286.0,49.0,55.15327100128007,100.0,25.543478260869566,8.152173913043478,9845.628980373918,12183.0,3.8949275362318843,80.466481959101
61.92546311590147,282.0,0.0,42.74620500419456,104.0,37.2060857538036,0.48409405255878285,4522.113738529908,11902.0,2.9987096774193547,0.0
135.2851129733554,276.57499839999997,37.0218744,42.90701261596323,100.0,24.336283185840706,5.3097345132743365,9089.686617986426,12469.0,3.2227138643067845,64.95499904
164.88806748818303,287.0,47.0,56.910890935403096,100.0,23.669724770642205,9.174311926605505,9980.822367959841,12437.0,3.9339449541284406,80.30107575029088
138.389066032171,274.0,48.0,33.453594442179295,100.0,20.140105078809107,0.7005253940455342,8702.369570546636,11541.0,3.6654991243432575,64.05999872
122.20002692477159,261.0,37.0,36.7064766712438,100.0,26.72176308539945,3.71900826446281,8733.546257263337,11747.0,2.78099173553719,59.05681745454545
127.99760303556239,273.8437536,40.0,39.19960320585197,100.0,29.004329004329005,5.916305916305916,8872.160345663635,11954.0,2.9336219336219336,63.2179385542302
159.665018187193,285.0,46.0,54.44995002374059,100.0,28.347826086956523,8.0,9831.337787231836,11847.0,3.648695652173913,78.18666666666667
119.67956876696249,279.0,42.0,30.41324401217058,100.0,30.45267489711934,4.38957475994513,8273.693424473091,11865.0,2.9684499314128945,62.189000192
159.66818294464503,284.0,45.0,53.66125118035379,100.0,29.304029304029307,7.6923076923076925,9863.663550145126,12100.0,3.6117216117216118,78.98749760000001
45.91906984330645,279.0,0.0,46.61486704445045,104.0,47.84191367654706,0.36401456058242326,3782.649034889019,11724.0,2.5345454545454547,0.0
112.37298694219405,273.34999999999997,28.0,33.2903736135646,100.0,30.82901554404145,3.8860103626943006,8328.83455229406,12066.0,2.516839378238342,43.274655936
37.18582571730728,283.0,0.0,28.68683917403518,104.0,31.037379252414954,0.33599328013439733,3933.398269196064,11860.0,2.4504830917874396,0.0
119.23092276043067,271.37396288070255,33.00714331428571,34.15114874218052,100.0,19.12350597609562,4.51527224435591,8537.634016460348,11815.0,2.7968127490039842,57.980000256
157.39451149967556,283.0,47.0,51.711692818196205,100.0,29.525483304042176,1.7574692442882252,9743.22492057433,11846.0,3.585237258347979,77.0
20.401387602398145,237.0,0.0,73.6912509355341,104.0,70.07197585326213,0.0,1962.672847992641,11831.0,2.8124207858048162,0.0
130.10158852582083,276.12,42.0,44.067769007739614,100.0,26.97947214076246,4.398826979472141,9354.515543968995,12074.0,2.768328445747801,64.00136389818182
163.4726903644881,286.0,47.0,55.448854792737556,100.0,27.655677655677657,7.326007326007327,9987.964698038284,12337.0,3.6941391941391943,79.32916159999999
29.373144022092895,281.0,0.0,53.65337305281058,104.0,55.18056024299697,0.23624704691191362,2708.993287037238,11839.0,2.665809768637532,0.0
125.42560168667947,274.54999807999997,47.0,35.42090185618664,100.0,27.662517289073307,4.840940525587829,8818.075193461422,11763.0,2.908713692946058,63.01500032
163.9298153091752,286.0,47.0,55.76473141623879,100.0,29.818181818181817,8.181818181818182,9957.515993353478,11943.0,3.7036363636363636,81.0
18.128518790752317,281.0,0.0,77.31137307789189,104.0,73.65883062085594,0.10046212577858146,1804.2502831656757,11289.0,2.8333333333333335,0.0
135.8378861695045,276.3777792,47.0,45.88298434861914,100.0,26.858877086494687,5.007587253414264,9289.287025276402,11828.0,3.0333839150227617,69.98928512
164.0349627976948,287.0,43.0,54.983916179432875,100.0,28.51985559566787,7.9422382671480145,9968.942425764015,12021.0,3.6696750902527078,80.0
49.75476386211502,281.0,0.0,55.053428691061434,104.0,48.45303867403315,0.44198895027624313,3901.9490175262767,12022.0,2.764784946236559,0.0
111.00357226425683,272.57999872,19.0,34.685232930389404,100.0,32.96158612143743,3.965303593556382,8514.651519379275,11796.0,2.4622279129321383,42.665000320000004
32.60276208129747,286.0,0.0,60.26897336597848,104.0,56.9459172852598,1.166489925768823,2363.6223805376703,11996.0,3.557603686635945,0.0
122.06075419951696,272.54444657777776,37.1625024,38.60895093846562,100.0,28.753541076487256,4.53257790368272,8326.689841981715,12087.0,3.0623229461756374,60.0
157.1236555128077,284.0,48.0,53.90964783577966,100.0,28.10344827586207,7.241379310344828,9542.131346676651,12495.0,3.918965517241379,78.13124640000001
109.03301053224378,271.3500032,16.0,26.862308134120156,100.0,21.341463414634145,4.2682926829268295,7422.315537187507,12203.0,3.102439024390244,34.0
158.73717865005153,286.0,47.0,55.19379383778694,100.0,26.297577854671278,7.7854671280276815,9662.643209904581,12136.0,3.930795847750865,79.0
117.68279463270339,272.3624992,43.0,26.22906211969179,75.0,24.80211081794195,0.2638522427440633,7721.187315269276,11108.224902400001,3.3984168865435356,66.0
123.25042906719774,272.9571456,47.0,36.375115612991834,100.0,33.0532212885154,5.182072829131653,8232.731483749378,11904.0,3.2661064425770308,65.19416554666667
159.7052585041912,287.0,46.0,56.463166961602745,100.0,26.501766784452297,7.243816254416961,9729.193350114523,12460.0,3.952296819787986,80.9625024
76.31426425852064,273.0,0.0,25.717464177376108,100.0,36.11584327086882,9.625212947189098,5949.208922064449,12065.0,2.744810744810745,0.0
136.1537151499876,265.0,47.0,47.87699456115123,100.0,29.00641025641026,2.564102564102564,8906.40640131955,12042.0,3.389423076923077,67.31000032
34.95636434715155,250.0,0.0,29.670638319868207,104.0,32.40047299960583,0.039416633819471816,3952.94322418422,11637.0,2.282490974729242,0.0
119.72160052752399,262.0,13.513569601527236,35.71329956338681,100.0,25.702811244979916,0.0,7759.0435154026545,11304.0,3.3279785809906293,46.40499904000001
24.304501165994807,221.0,0.0,67.26098768155295,104.0,65.49511854951186,0.0,2033.102374876731,10695.0,3.034207525655644,0.0
119.80347243552002,256.12249984,34.0,36.72750272909397,100.0,24.702774108322327,2.509907529722589,8023.928546216895,11869.0,3.0647291941875827,46.0
138.32642886490393,275.21249919999997,48.0,41.55806763961661,100.0,32.13728549141966,5.77223088923557,8542.215190077331,11938.0,3.703588143525741,70.0
162.60208275585487,286.0,46.0,56.70725798785714,100.0,24.77396021699819,10.126582278481013,9730.589346383666,12190.0,4.061482820976492,78.93200230400001
122.32118207796077,277.0,43.0,30.600516289080602,100.0,23.97743300423131,4.372355430183357,7828.7200535909615,12036.0,3.540197461212976,67.093001472
67.10978202819516,287.0,0.0,42.02847174083113,104.0,33.63499245852187,0.8295625942684767,5001.422127503002,11885.0,2.9112582781456955,0.0
137.37392645814077,273.9187488,49.0,45.610684058641404,100.0,31.63418290854573,5.247376311844078,8713.228272846975,12302.0,3.5772113943028487,70.00000128
134.3036944239191,285.0,46.0,40.68289117447401,100.0,23.699421965317917,2.312138728323699,8634.028065645753,12374.0,3.4190751445086707,65.60999808000001
122.52154757368304,276.1906264,45.0,31.639881062328683,100.0,24.596774193548388,4.56989247311828,7778.483229379367,12415.0,3.596774193548387,68.0
160.43332938836733,285.0,47.0,54.13728593759625,100.0,26.90909090909091,7.818181818181818,9686.852491552863,13073.0,3.9563636363636365,75.90900019200001
24.214375429406918,276.0,0.0,69.5903484118834,104.0,67.7384490678195,0.027019724398811132,2010.5768523912857,11692.0,3.120754716981132,0.0
122.64213533728122,254.46000384,26.9,36.395815666814315,100.0,26.575342465753426,4.10958904109589,8184.61516694155,11718.0,3.1616438356164385,58.4473182593432
141.34237580281737,276.50000091428575,48.0,44.669752638029905,100.0,30.269413629160063,5.54675118858954,8777.644134885382,11945.0,3.713153724247227,71.87272727272727
163.00944736898924,287.0,49.0,56.78093177036211,100.0,25.31645569620253,8.318264014466546,9691.481729022174,12543.0,4.066907775768535,79.75454626909091
60.30231840065454,278.0,0.0,45.29173779495035,104.0,41.01351351351351,0.2702702702702703,4320.055056419051,11608.0,3.1449468085106385,0.0
137.72545245082372,271.35,47.0,47.84965002751512,100.0,30.454545454545457,4.545454545454546,9153.62619754189,12352.0,3.2954545454545454,70.0
127.59592368291251,284.0,47.0,38.34927094994742,100.0,24.856321839080458,6.4655172413793105,8345.472143619661,12941.0,3.3261494252873565,62.67000064
148.12057893645576,286.0,34.0,48.71500811572554,100.0,25.708884688090738,2.0793950850661624,9185.81416689255,12168.0,3.6446124763705106,45.96376611331918
115.81123594471414,272.07017735215203,34.0,35.14689935447772,100.0,27.041499330655956,4.016064257028113,8292.731019621056,12055.0,2.785809906291834,52.782856411428575
153.69346920746335,289.0,45.0,47.933272242180934,100.0,28.449744463373083,1.7035775127768313,9188.279034634726,11852.0,4.018739352640545,73.27000192
109.39914900611632,273.36000256,29.0,26.182448214477894,100.0,30.195599022004888,4.034229828850855,7734.793827690824,12572.0,2.8276283618581908,39.577500373333336
156.63168645531564,288.0,47.0,49.33397548636675,100.0,28.57142857142857,7.056798623063683,9287.267893388984,11921.0,4.061962134251291,78.0
42.24213483005819,279.0,0.0,59.685079003502494,104.0,58.94988066825776,0.0954653937947494,3282.7043942652917,11615.0,2.7202970297029703,0.0
124.95491267653472,273.22173662608697,37.0,38.41297313904728,100.0,29.108635097493035,4.735376044568245,8527.047204610539,11873.0,3.064066852367688,56.0
140.9623643208194,285.0,46.0,40.917443461041195,100.0,30.337078651685395,6.420545746388442,9021.910474552042,12142.0,3.534510433386838,66.01874976
159.38869554168747,286.0,48.0,52.375232280729286,100.0,27.358490566037734,7.3584905660377355,9342.737246344337,11854.0,4.2,74.0
40.03772726425287,281.0,0.0,22.22630620120493,104.0,26.909254267744835,0.04492362982929021,4481.5938608051465,11491.0,2.384771573604061,0.0
121.9469063381387,271.46500096,21.0,41.194131515014604,100.0,29.098360655737704,4.098360655737705,8413.711154977638,12581.0,2.9740437158469946,46.09250016000001
162.26744873392238,287.0,47.0,52.77179780799503,100.0,28.698752228163993,6.59536541889483,9494.489496080538,12231.0,4.149732620320855,78.0
25.281616231046925,276.0,0.0,62.95176147081762,104.0,62.34676007005254,0.08756567425569177,2333.840963706593,11855.0,2.4775339602925808,0.0
114.52961910200277,274.32868991395117,25.0,36.069048282711684,100.0,28.076923076923077,3.717948717948718,8030.858696037687,12457.0,2.7987179487179485,39.4253415664002
161.6314402241772,287.0,47.0,54.12244507093745,100.0,29.496402877697843,8.453237410071942,9530.265265229078,12319.0,4.156474820143885,78.2937504
118.62770798006014,279.0,27.0,29.12058988860118,100.0,32.4,4.8,7906.088522753852,11693.0,3.12,46.976663049312855
162.60107234553837,288.0,49.0,53.03948914555632,100.0,26.775956284153008,7.285974499089254,9505.412964795752,12114.0,4.198542805100182,78.0
42.591001936476545,281.0,0.0,45.378261608592595,104.0,49.23444976076555,2.488038277511962,3304.660632794927,11748.0,2.7514792899408285,0.0
126.84317838261053,271.0,34.0,39.16175303620173,100.0,30.013831258644537,2.904564315352697,8549.19433829575,11763.0,3.1189488243430152,59.56571574857143
134.59067847316123,274.9500032,40.0,38.34402588728818,100.0,28.57142857142857,5.952380952380952,8503.322143383366,11684.0,3.5267857142857144,54.623624224000004
163.50712241458157,287.0,48.0,52.701270759233154,100.0,28.26086956521739,6.884057971014493,9544.737435730442,12074.0,4.161231884057971,79.02791637333334
23.24744828780821,275.4944440888889,0.0,66.5311719133822,104.0,64.34760448521916,0.05096839959225281,2169.653665779114,11801.0,2.6991341991341993,0.0
137.0157764724853,269.0,31.91000192,41.89783869055451,100.0,27.14508580343214,5.30421216848674,8795.011082795574,11607.0,3.4477379095163805,69.0
136.4191579658099,275.3795485090909,38.0,43.101680750876795,100.0,23.183925811437405,5.7187017001545595,8611.822082690725,11713.0,3.536321483771252,54.131248320000005
162.11711101315157,287.0,49.0,53.621130500541796,100.0,27.956989247311824,7.526881720430108,9608.459203108017,12024.0,4.163082437275985,80.52500223999999
60.18763551085634,279.0,0.0,48.87323266760565,104.0,44.41489361702128,0.19946808510638298,4366.3917993981495,11686.0,3.034666666666667,0.0
136.28906102678442,266.0,45.0,40.44108625227935,100.0,24.3531202435312,5.0228310502283104,8865.258316372185,11826.0,3.3774733637747336,71.15333312
126.2508805215974,273.8187488,18.0,37.4808025461459,100.0,28.24858757062147,5.932203389830509,8124.104292891922,12927.0,3.3940677966101696,43.93035748571428
116.48155474274347,260.0,36.0,35.0303327080777,100.0,31.65562913907285,3.0463576158940397,8202.4211209338,11772.0,2.834437086092715,61.0
128.591755830961,273.2,35.0,37.11089015752738,100.0,34.388489208633096,5.467625899280575,8448.95501629628,11797.0,3.176978417266187,58.238249792
158.14439232540275,287.0,46.0,52.65828076007001,100.0,30.79584775086505,7.439446366782007,9425.233706184632,11749.0,3.823529411764706,76.90999296
125.67259065097473,274.0,19.0,34.4664666392332,100.0,29.37062937062937,4.475524475524476,8224.671747029743,11758.0,3.1874125874125876,58.921499520000005
159.9995987409425,286.0,48.0,53.98546075780293,100.0,27.140255009107467,8.014571948998178,9492.02604285231,11794.0,3.814207650273224,78.80000000000001
45.79604901668356,278.0,0.0,54.125445571458506,104.0,53.433922996878245,0.20811654526534862,3512.0190338687335,11782.0,2.595438175270108,0.0
109.8489160306095,274.34,33.0,32.744770302320134,100.0,30.35264483627204,3.7783375314861463,8008.194334891348,11694.0,2.6007556675062973,46.895001344
34.226382852679066,287.0,0.0,33.383572498920216,104.0,33.541341653666144,0.31201248049922,3686.6902398338457,11822.0,1.9252717391304348,0.0
113.37922855494841,275.65671790064647,19.0,41.87893159681813,100.0,27.033792240300375,4.505632040050062,8200.465901459329,11796.0,2.6458072590738424,32.21000034909091
162.95777494429862,287.0,46.0,55.627212145103236,100.0,32.849364791288565,8.711433756805807,9705.807819453816,12021.0,3.838475499092559,78.95499456
19.912100842197148,277.0,0.0,68.80850141940063,104.0,66.68198529411765,0.09191176470588235,2017.0233844364532,11622.0,2.7417654808959155,0.0
126.7529336120246,274.8328683974831,32.0,40.62718706492268,100.0,27.0,4.285714285714286,8599.486834113563,11913.0,2.9442857142857144,47.72499520000001
162.5049463459425,288.0,47.0,55.41136289163202,100.0,30.656934306569344,8.94160583941606,9685.268487708889,11837.0,3.8302919708029197,78.0
32.09059661812226,280.0,0.0,42.18186760259106,104.0,42.49372984593336,0.21497671085632392,2731.5685973842033,11760.0,2.5845410628019323,0.0
119.40377101526904,276.2590534134278,33.0,36.38324363621815,100.0,30.718954248366014,3.9215686274509802,8449.384482220554,11955.0,2.74640522875817,48.86464128
162.9021860203998,287.0,46.0,54.52625037623954,100.0,31.147540983606557,8.014571948998178,9693.929959720976,11943.0,3.8233151183970855,79.26255726933334
18.413031988636284,283.0,0.0,61.20717518412905,104.0,59.06967296364005,0.18281535648994515,1879.711229856545,11166.0,2.609058402860548,0.0
132.85686462246858,276.343748,40.0,43.99294963336709,100.0,30.37037037037037,5.037037037037037,8886.171166491325,11833.0,3.0844444444444443,63.0
160.48703463523697,289.0,46.0,54.69151651863655,100.0,32.13644524236984,7.001795332136446,9569.085979523345,11778.0,3.816876122082585,79.25714395428571
51.28635805586955,278.0,0.0,41.243399084186656,104.0,39.19455473624504,0.3403289846851957,3835.7026501240084,11749.0,2.874025974025974,0.0
114.3102229997325,275.729168,31.0,37.201000031418914,100.0,29.230769230769234,4.230769230769231,8084.347073613522,11831.0,2.65,35.0
39.076014079790525,289.0,0.0,11.01911566855671,100.0,66.4969450101833,0.9164969450101833,3071.866362555118,11730.0,2.9692307692307693,0.0
121.31042592645798,273.5094333546935,24.11000064,38.67032106233253,100.0,20.970042796005707,4.279600570613409,8305.395372491741,12136.0,2.87018544935806,35.177273018181815
156.24811309213516,285.0,46.0,51.56101055112797,100.0,27.072758037225043,6.937394247038917,9748.609018234687,12392.0,3.6091370558375635,75.0
112.59587114263952,274.8055552,0.0,30.41908866245241,100.0,23.232323232323232,4.671717171717172,8126.230625993984,12082.0,2.648989898989899,32.0
156.9303644826201,288.0,43.0,54.262475613350645,100.0,29.776247848537007,6.884681583476763,9735.151992083525,12855.0,3.657487091222031,75.0
32.38392953318636,280.0,0.0,7.809884217402279,100.0,12.390392680137248,2.6305756767060617,3500.4616497265656,12109.0,2.19438202247191,0.0
118.93083836298484,275.3333333333333,30.0,36.57727858997857,100.0,23.521505376344088,4.032258064516129,8459.324864872871,12248.0,2.6545698924731185,44.44583381333333
31.018217768591825,287.0,0.0,7.249104571608711,100.0,9.33572710951526,1.2926391382405744,3404.2915734843746,12873.0,2.0831024930747923,0.0
115.00186401294937,272.65499904,29.0,36.54819141629804,100.0,21.21212121212121,4.545454545454546,8178.760998579056,12056.0,2.6047979797979797,33.0
161.60487650831746,288.0,51.0,54.816556616469285,100.0,28.67513611615245,7.80399274047187,9977.942491246193,12726.0,3.720508166969147,81.0
29.06842512985149,282.0,0.0,46.5103070715106,104.0,46.07225720914816,1.3589658601259529,2701.4835816846253,12050.0,2.4164733178654294,0.0
128.1236207266636,275.01999872,31.0,41.24805518359643,100.0,18.65136298421808,5.164992826398852,8930.573229888849,12616.0,2.823529411764706,50.0
159.8112251366502,287.0,46.0,53.88138542780379,100.0,24.910394265232974,8.064516129032258,9884.742702149937,12621.0,3.707885304659498,77.83843168
123.0030565575945,278.0,31.0,33.449560374578795,100.0,21.124828532235938,5.212620027434842,8623.730228745291,12254.0,2.8683127572016462,60.0
160.83796132508633,288.0,46.0,54.18333366888734,100.0,26.238532110091743,8.256880733944955,9887.464697130461,12451.0,3.686238532110092,78.42356992
52.68080965008457,278.0,0.0,13.597509558089792,100.0,13.562281722933644,2.037252619324796,4481.312907836271,12620.0,2.1639697950377563,0.0
126.08676919669901,276.08000255999997,31.616667022222224,38.83795660016053,100.0,19.83695652173913,4.755434782608696,8785.937923519512,12236.0,2.827445652173913,51.0
163.5879215159033,286.0,47.0,56.598014568055156,100.0,25.486725663716815,7.433628318584071,10007.86193978149,13049.0,3.7646017699115046,78.69499904000001
101.66291957741788,280.0,29.0,28.79313601154446,100.0,21.70978627671541,4.949381327334083,7605.651279104232,12106.0,2.344206974128234,34.0
161.81866175976634,287.0,48.0,55.383766841750436,100.0,26.666666666666668,5.9459459459459465,9924.159532046542,12454.0,3.765765765765766,77.32777813333334
124.63830130241455,278.0,42.5833344,32.27345254895069,100.0,24.508320726172467,0.15128593040847202,8807.989996001708,11936.0,2.8895612708018152,64.57500160000001
120.96153526902205,273.42291946666666,36.0,36.83157905095279,100.0,28.610354223433244,4.35967302452316,8766.669624574879,12101.0,2.7806539509536785,54.0281256
154.6905958557525,287.0,46.0,49.62354542852858,100.0,33.745583038869256,6.18374558303887,9496.626676814765,12167.0,3.8551236749116606,74.59464137142857
95.97572492460783,273.28750080000003,8.0,22.418986710926294,100.0,29.989327641408753,3.7353255069370332,7474.160510789884,11906.0,2.367129135538954,32.0060297628849
27.224701041464126,287.0,0.0,70.23757418258869,104.0,68.06015037593986,0.24060150375939848,2475.861835645394,11908.0,3.0555555555555554,0.0
126.22644804939158,276.0,38.0,37.357355005799086,100.0,29.055007052186177,3.1029619181946404,8633.224551844058,12311.0,3.0648801128349787,59.0
161.29281611117153,287.0,48.0,54.528003347653694,100.0,30.056710775047257,8.31758034026465,9742.30007014365,12559.0,3.9735349716446127,78.0
36.4647049832909,278.0,0.0,16.810199396632445,104.0,32.263242375601926,0.1203852327447833,4327.872767661418,11142.0,1.909271523178808,0.0
124.06451276678824,276.0,14.07249984,35.58336233384902,100.0,26.522327469553453,0.0,8345.560294410068,12195.0,3.147496617050068,53.70777819022222
22.832086452467422,259.0,0.0,65.96168133119697,104.0,64.75237091675447,0.0,2348.5932878207473,12156.0,2.7989886219974713,0.0
127.958541728444,277.0,33.0,37.422883426158634,100.0,28.3072546230441,4.267425320056899,8594.303778501791,12357.0,3.155049786628734,53.102492688851726
159.86811090721778,288.0,48.0,52.713094597972336,100.0,32.432432432432435,7.207207207207207,9662.740493590243,12164.0,3.9801801801801804,78.0
112.95727564926383,277.0,15.0,30.801851305071356,100.0,30.140485312899106,4.21455938697318,8264.216380885367,12312.0,2.7228607918263092,50.34125097142857
160.23056547427228,288.0,48.0,54.3166661858583,100.0,29.294755877034355,8.318264014466546,9695.432466397055,12520.0,3.9529837251356237,77.600749184
33.62662011135045,277.0,0.0,54.872961378157335,104.0,54.589733982765075,0.07493443237167478,3192.5729428890545,12324.0,2.9293966623876764,0.0
106.89098615363017,274.66000128,31.0,30.36514206579656,100.0,28.674698795180724,3.8554216867469884,7977.4503319624,12479.0,2.6072289156626507,48.373750400000006
160.86594018267817,286.0,48.0,54.22537390831118,100.0,31.654676258992804,8.633093525179856,9718.720888936328,12510.0,3.973021582733813,76.90136103783925
121.96869322958504,278.0,42.0,24.03132911851824,90.0,27.312775330396477,0.2936857562408223,8101.143118718272,10994.1,3.3773861967694567,61.0
136.07423556809798,275.5500032,44.81250133333333,42.141524786971694,100.0,26.234567901234566,4.012345679012346,8878.692883119522,12448.0,3.425925925925926,66.21000149333334
153.9677145796051,288.0,45.0,49.81172050006309,100.0,30.175438596491226,7.894736842105263,9490.792652967973,12855.0,3.849122807017544,74.08999424000001
112.51312270175218,279.0,15.0,32.519037280884646,100.0,30.1143583227446,4.066073697585769,7980.087601457817,12441.0,2.809402795425667,32.32600064
156.88424511913468,289.0,44.0,52.47980651980192,100.0,26.82926829268293,7.491289198606271,9690.943463723814,12656.0,3.836236933797909,76.0
54.06137545539701,281.0,0.0,29.28920742191428,104.0,33.778047301394786,0.06064281382656155,4539.026776733936,12325.0,2.5955451348182885,0.0
135.2381167764138,275.0,46.0,42.17400762171571,100.0,24.580152671755727,3.6641221374045805,8526.89055018229,12592.0,3.6396946564885497,69.0
131.99155704408113,277.4625024,44.0,36.65162268446193,100.0,28.197674418604652,5.959302325581396,8533.014572888902,12502.0,3.4505813953488373,63.7
164.14478900327,288.0,45.0,54.32473224091389,100.0,27.898550724637683,7.971014492753622,9833.10855150789,12844.0,3.994565217391304,81.0
118.72885058118581,281.0,18.0,29.89509595680068,100.0,28.551912568306008,0.546448087431694,7981.349427896427,12176.0,3.157103825136612,42.051452241166686
33.52014479965377,246.0,0.0,28.386484937582715,104.0,29.469326307866012,0.0,3967.2869031014993,12110.0,2.0403225806451615,0.0
19.926278782532826,280.0,0.0,75.94357476550535,104.0,72.59911894273128,0.0,1788.770755332888,12514.0,2.3903548680618742,0.0
138.24897936009702,279.0,47.0,42.44226108680084,100.0,26.006191950464398,0.0,8808.911494270937,12396.0,3.5356037151702786,69.9437504
140.00391826974408,273.0,39.0,43.6292469068153,100.0,27.11598746081505,5.4858934169279,8887.862696551316,12417.0,3.529780564263323,62.99497811682594
160.7425350404927,292.0,46.0,54.46674711903622,100.0,27.27272727272727,7.090909090909091,9723.387196383792,12703.0,3.9563636363636365,75.98666624
40.67276481552209,283.0,0.0,54.25668511837917,104.0,49.65164886205295,0.27868091035764053,3380.4663087827976,12291.0,2.6754491017964073,0.0
131.9651133499955,257.96,46.0,36.680006402994586,100.0,25.43103448275862,0.0,8907.643688623726,12401.0,3.2370689655172415,67.98611022222222
132.27482260683686,279.4375008,33.0,38.63882537135721,100.0,25.615050651230103,5.065123010130246,8584.721324309568,12329.0,3.353111432706223,51.0
163.149903713345,291.0,46.0,53.509545169004355,100.0,29.764065335753177,7.6225045372050815,9788.208400913772,12887.0,4.0,79.0
118.70402627503739,286.0,46.0,28.37986704322569,100.0,26.736566186107467,0.9174311926605505,7878.08382890403,12250.0,3.332896461336828,63.00562512
131.43448207287878,252.0,48.0,29.718964465381966,100.0,29.291338582677167,0.0,7221.060885150763,12004.0,4.611023622047244,71.04500096
121.45749701729828,271.9625024,34.0,36.201168892081306,100.0,16.19718309859155,3.943661971830986,8968.619081694094,12793.0,2.676056338028169,50.35583438222222
157.83460461254532,287.0,43.0,49.43087872027668,100.0,23.168654173764907,7.666098807495741,9517.080122459696,12117.0,3.836456558773424,76.49467508363637
112.19798858459107,283.0,8.0,26.99733978953843,99.0,13.375,4.75,8667.446093355553,12308.0,2.4675,28.0
157.83901428161894,289.0,43.0,50.8559790436786,100.0,24.82876712328767,7.534246575342466,9624.564329021026,12119.0,3.797945205479452,74.4174976
119.71084968825554,284.0,39.0,30.341995184983453,100.0,14.535666218034994,5.921938088829071,9109.105706473201,12309.0,2.500672947510094,50.0
160.18912073151384,287.0,44.0,53.03043952769103,100.0,23.43173431734317,7.011070110701106,9715.086551763,12067.0,3.8542435424354244,77.04250048
56.163898699456375,281.0,0.0,36.30524853933504,104.0,29.304946775203504,0.6261740763932373,4613.30857799882,12357.0,2.4848851269649335,0.0
110.50458161078454,274.4,14.0,31.06853892266336,99.0,18.181818181818183,3.4571062740076828,8447.453322962281,12497.0,2.549586776859504,27.82242941462166
35.96490881722761,289.0,0.0,15.339136609519704,104.0,19.136051675413807,0.3229713362939039,4036.357499034539,12416.0,2.1965714285714286,0.0
116.58237083565982,274.57499904,13.0,31.276775462033612,100.0,15.254237288135593,4.041720990873533,8711.580849670401,12208.0,2.603650586701434,36.0
162.31833275542505,289.0,44.0,52.50561800406843,100.0,25.0,8.093525179856115,9757.0343195158,12153.0,3.8902877697841727,77.4491024
26.536735132045706,282.0,0.0,56.65708467923422,104.0,54.23065341764529,0.15055706112616682,2524.9894217703486,12019.0,2.4474248927038627,0.0
115.3766276830073,272.3187488,33.0,30.91731121480793,99.0,13.161290322580646,3.483870967741935,8654.55865983413,12011.0,2.536774193548387,45.0
158.06651755154363,288.0,44.0,49.98022175941565,100.0,26.334519572953734,6.761565836298933,9649.719534575235,12049.0,3.7918149466192173,78.04958325333334
120.16630962196518,272.843748,22.0,26.45083591635427,99.0,16.037735849056602,4.177897574123989,8532.200584114697,12380.0,2.7857142857142856,46.366501696
47.30701252343526,287.0,0.0,49.49369724902982,104.0,44.31818181818182,0.487012987012987,3676.2745846016574,12102.0,2.9941520467836256,0.0
134.93964415826073,273.0222208,44.0,40.016182988577064,99.0,19.335347432024168,4.682779456193353,9420.915633520503,12126.0,3.0362537764350455,69.0
161.0339184856662,287.0,45.0,51.97515683115494,100.0,25.65905096660808,7.732864674868189,9817.065562313246,12475.0,3.822495606326889,78.79685840457142
127.2485757549107,279.0,42.0,30.17344457693136,99.0,14.563106796116504,5.547850208044383,9352.965715805725,12231.0,2.7420249653259363,62.23000064
161.70076418736303,288.0,46.0,51.12973105370886,100.0,26.6304347826087,7.427536231884058,9809.098099991284,12252.0,3.875,78.38928365714285
121.41998919524731,285.0,42.0,18.019972076927527,99.0,12.855007473841553,0.8968609865470852,8024.487221756228,11834.0,3.3572496263079223,64.91613649454546
126.32839488816717,275.05555626666666,43.0,37.43837328828336,100.0,25.79250720461095,4.755043227665706,8413.54232051437,12085.0,3.292507204610951,63.0
152.4505752749695,285.0,44.0,48.88374729075151,100.0,31.282952548330407,7.9086115992970125,9323.287147610408,12233.0,3.8717047451669595,74.0
120.84583186195917,278.02857325714285,29.0,28.650640417446294,100.0,24.3606998654105,4.710632570659488,8385.241908373782,12042.0,3.0444145356662182,54.46493656103896
46.06927258704547,291.0,0.0,35.92969122791129,104.0,36.8692070030896,0.4119464469618949,3810.286434145024,12808.0,2.803341902313625,0.0
124.46494302891044,263.0,41.0,33.240099695369906,100.0,26.38888888888889,0.0,8650.042642594748,12027.0,3.0819444444444444,65.33428571428571
139.45577558875678,275.33999872,46.0,41.28318129740203,100.0,31.88854489164087,6.037151702786378,8998.463745504281,12143.0,3.4798761609907123,67.0
162.11562625074305,288.0,47.0,52.53264830236821,100.0,32.5497287522604,7.05244122965642,9723.857953441131,12286.0,3.9945750452079567,80.0
124.36382592415455,275.0833386666667,46.0,25.272818969627945,73.0,25.392296718972894,0.0,8806.310667154561,11857.0,3.0542082738944365,62.94
30.626815769572573,264.0,0.0,37.29985223834327,104.0,41.344479275513756,0.0,3679.7999756660797,12129.0,2.04296875,0.0
19.43317714147644,275.0,0.0,76.98165125441835,104.0,74.09258856770268,0.0,1861.3031972740655,12224.0,2.557242990654206,0.0
126.525800075617,266.0,45.0,34.56080275239933,100.0,28.125,0.0,8562.00167384104,12208.0,3.194602272727273,63.48062128
141.26570707539662,276.74999808,50.0,42.81607735196238,100.0,30.48973143759874,4.739336492890995,8968.729932895858,12312.0,3.5829383886255926,68.72439400727274
33.23527879535112,290.0,0.0,69.64074331967508,104.0,69.4549583648751,0.3028009084027252,2685.909865292109,12137.0,3.1246537396121883,0.0
129.86731848906734,267.0,47.0,35.3766443858414,100.0,25.915492957746476,0.0,8769.778246446007,12333.0,3.22112676056338,65.932996992
129.8045540204453,277.45454545454544,28.0,36.693262212499604,100.0,26.27840909090909,5.3977272727272725,8109.469760402674,12116.0,3.585227272727273,50.965
161.72429254270926,289.0,48.0,52.12997615640088,100.0,30.347349177330894,6.946983546617916,9702.940387340172,12343.0,4.014625228519195,78.92428653714286
114.28570545459289,279.0,23.0,27.947254695569107,100.0,36.325385694249654,0.42075736325385693,8521.890345981505,11830.0,2.6928471248246844,51.7684992
126.23721612636918,274.9,41.0,33.83095027766678,100.0,27.053824362606232,4.53257790368272,8446.766437813225,11831.0,3.138810198300283,61.62857234285714
151.89861890854695,289.0,43.0,46.306153706946986,100.0,29.525483304042176,5.799648506151142,9321.673347060507,12017.0,3.8101933216168717,75.93466156944439
124.2135390241253,278.0,41.0,30.27585571038377,100.0,28.08219178082192,5.205479452054795,8539.47584081096,11593.0,3.0164383561643837,59.900000000000006
156.64535797691963,290.0,47.0,48.95172479389408,100.0,29.879101899827287,7.081174438687392,9508.535223946494,12135.0,3.8773747841105353,77.0
123.92427718983781,283.0,40.0,29.726624670074138,100.0,29.098360655737704,4.781420765027322,8348.025770117743,11746.0,3.0969945355191255,58.0
156.84439438398317,289.0,44.0,47.666988516500595,100.0,31.00358422939068,8.24372759856631,9532.178381628186,12391.0,3.8942652329749103,77.0
101.20850813939599,279.0,0.0,25.341485412270803,100.0,33.527357392316645,0.23282887077997672,7819.436357605894,11697.0,2.5251256281407035,43.012306904615386
124.77955636791202,273.5500032,42.0,33.45434779945936,100.0,27.097661623108664,4.401650618982118,8703.681114841896,11735.0,2.9270976616231086,58.24
163.47841795818553,291.0,46.0,51.7375927601751,100.0,33.273381294964025,7.7338129496402885,9742.468448436697,12648.0,4.0503597122302155,81.0
114.94637809731591,280.0,24.0,27.37124656808877,100.0,28.272251308900525,0.3926701570680628,8095.623287920707,11850.0,2.816753926701571,40.0
40.16535367517737,249.0,0.0,19.90746404361707,104.0,27.422303473491773,0.8683729433272395,4511.251176567455,11615.0,2.4009269988412516,0.0
124.77804340932964,272.8750016,42.0,34.35901147579198,100.0,28.827586206896548,4.551724137931035,8509.621501212543,11751.0,3.030344827586207,60.0
160.81748857489043,289.0,48.0,50.594039603987326,100.0,30.017761989342805,6.74955595026643,9699.215411622268,12332.0,3.920071047957371,80.0
122.25991500072568,277.0,40.0,30.208619891053623,100.0,32.33908948194662,0.47095761381475665,8346.38782722464,11765.0,2.989010989010989,52.92857051428572
119.46382046708797,276.92,30.0,38.18082067889163,100.0,26.044568245125348,4.456824512534819,8627.509845501707,12122.0,2.6880222841225625,47.0
133.1594211375141,284.0,41.0,42.027218788932466,100.0,27.043090638930163,5.052005943536404,9239.848828818544,12355.0,2.947994056463596,62.005969769065004
155.3017085390274,286.0,46.0,53.25412144950459,100.0,27.240773286467483,6.854130052724078,9735.01632718478,12943.0,3.616871704745167,75.50850048
119.3190777346341,279.0,39.0,35.832539155382854,100.0,22.639068564036222,5.045278137128072,8688.58546977983,12226.0,2.664941785252264,60.0
157.84399057405764,289.0,47.0,53.93431859032336,100.0,24.861878453038674,7.366482504604052,9801.281216473348,12868.0,3.6187845303867405,76.69778005333333
42.988220646760276,281.0,0.0,10.272061949260538,100.0,16.209476309226932,1.2468827930174564,4074.601616755248,12489.0,2.0831509846827134,0.0
120.35913297690266,276.63179779625597,16.0,38.23701129665276,100.0,27.725437415881558,4.5760430686406455,8816.7037248745,12259.0,2.6043068640646028,45.0
62.75140088133214,287.0,0.0,16.548175769583235,100.0,14.809540761836953,0.5695977216091136,5659.569689165768,12651.0,2.1418148654810762,0.0
120.73104370799139,279.35000064,28.64,40.966787924418064,100.0,20.345744680851062,4.521276595744681,8779.649641880267,12618.0,2.5664893617021276,45.0
117.61090688897082,288.0,39.0,26.277627981776906,100.0,22.503725782414307,1.1922503725782414,8466.34045674651,12059.0,2.6900149031296574,53.288887466666665
113.03648987133631,273.2,33.0,32.42479275170912,100.0,33.41836734693878,4.209183673469387,8189.449534222949,12277.0,2.6441326530612246,53.0
154.73333805610812,285.0,43.0,50.708117668420336,100.0,30.48780487804878,7.142857142857142,9335.888554694391,12176.0,3.8728222996515678,74.0
127.20574629000531,275.0,47.0,30.469881418245965,100.0,28.57142857142857,5.042016806722689,8298.225932158282,12032.0,3.323529411764706,63.027000192
157.81656895182505,287.0,47.0,51.68020753073391,100.0,30.851063829787233,7.801418439716312,9502.902113679424,11968.0,3.9379432624113475,77.0
47.30854709240544,278.0,0.0,52.99551062229713,104.0,52.69978401727862,0.26997840172786175,3563.0874253891307,11616.0,2.7890137328339577,0.0
135.43667851868872,272.4214326857143,44.0,38.84233228942532,100.0,30.71104387291982,4.53857791225416,8766.166605295826,12157.0,3.417549167927383,70.43332693333333
159.78385818059485,288.0,49.0,51.7210504786281,100.0,28.545780969479356,7.719928186714542,9631.737951212848,12078.0,3.933572710951526,79.0
62.2427760437732,275.0,0.0,20.390170015241402,104.0,29.178470254957507,0.03541076487252125,5607.762069202693,12183.0,2.428494623655914,0.0
114.69910781207092,272.765624,12.0,35.370210764364124,100.0,44.640605296343,4.03530895334174,7893.888211081119,11977.0,2.8663303909205546,32.0
157.92864918167035,287.0,48.0,51.998840744342644,100.0,30.08695652173913,7.478260869565218,9503.925719003906,12117.0,3.9147826086956523,74.30699852800001
131.02320493001878,261.9107108571428,34.0,30.456110646905053,100.0,33.05227655986509,0.0,8499.787294155101,11740.0,3.387858347386172,65.0
120.56999974444886,273.3166677333333,32.0,35.593548236032895,100.0,26.265389876880985,4.651162790697675,8254.248244318675,12893.0,3.0506155950752394,51.0
152.62634089347162,292.0,45.0,49.07033308045813,100.0,31.748726655348047,7.30050933786078,9200.007893516251,12253.0,3.9185059422750426,73.99888967111112
105.67462350704511,285.0,26.0,27.873211499193076,100.0,27.088305489260144,4.77326968973747,7997.990228618666,12614.0,2.4821002386634845,44.0
152.9460677867586,289.0,46.0,49.71684435135627,100.0,30.89983022071307,6.960950764006792,9405.498028665053,12703.0,3.8522920203735143,72.80000000000001
122.04790116114108,286.0,40.0,33.53066581984561,100.0,27.434842249657066,5.486968449931413,8755.901922268074,12446.0,2.832647462277092,55.57857097142857
155.32832220945858,286.0,45.0,51.620896106216215,100.0,29.82142857142857,7.321428571428572,9478.397687333516,12563.0,3.9035714285714285,76.0
77.01207976003371,284.0,0.0,24.25525976442062,100.0,32.21070811744387,4.922279792746114,5937.381719490926,12451.0,2.7158273381294964,0.0
132.4573577096523,273.2,45.0,40.56996044616871,100.0,32.585949177877424,5.082212257100149,8942.724933250614,12778.0,3.1464872944693574,66.97333333333333
160.35098557746636,293.0,44.0,53.56403321939469,100.0,31.26142595978062,8.775137111517367,9588.526404070086,12712.0,4.053016453382084,75.80000023272727
36.27195021586562,285.0,0.0,31.822210812301297,104.0,37.147595356550575,2.529021558872305,3811.2837248501037,12316.0,2.482326111744584,0.0
122.74840578245463,273.93636363636364,35.0,38.61142473280254,100.0,29.054054054054053,4.594594594594595,8949.11901997668,13273.0,2.7094594594594597,52.29535785142857
158.3731742685269,291.0,45.0,51.64033580802349,100.0,32.69230769230769,8.391608391608392,9548.522661045152,12426.0,3.986013986013986,77.0
120.98849269178702,287.0,40.0,31.822985383905742,100.0,30.158730158730158,1.1111111111111112,8412.59946356093,12795.0,2.966666666666667,57.334284068571435
118.13034937270572,274.72,43.0,31.252561437154007,100.0,28.68741542625169,3.5182679296346415,8255.725330050474,11766.0,3.047361299052774,61.0
152.26267264954586,286.0,46.0,49.23186896489369,100.0,28.35314091680815,7.130730050933787,9421.224481918525,12542.0,3.7504244482173177,72.15333376
108.8089608367097,274.0,32.0,26.99183417031998,100.0,28.588957055214724,4.171779141104294,7808.5770744258825,11905.0,2.7975460122699385,50.10749952
156.21439415576634,286.0,44.0,52.06212189353395,100.0,28.79045996592845,7.836456558773425,9525.28096222419,12638.0,3.848381601362862,75.0
31.1847830255535,277.0,0.0,55.625920511803045,104.0,53.46289752650176,0.0706713780918728,2951.6069005157224,12066.0,2.6830409356725147,0.0
113.06105399020531,274.5249984,33.0,29.859711428474796,100.0,33.24742268041237,3.865979381443299,8332.322250559886,11947.0,2.704896907216495,54.36
58.71517531115478,286.0,0.0,34.849182198077926,104.0,35.61643835616438,1.536919478783829,4962.832058419438,12578.0,2.503232222774739,0.0
127.9158328180995,279.0,31.0,38.124689239065425,100.0,28.391608391608393,5.034965034965035,8617.567082090332,12224.0,3.172027972027972,53.0
121.53122183769469,272.0,45.0,28.815193689391872,100.0,34.22712933753943,0.31545741324921134,7992.250393928409,11824.0,3.444794952681388,60.67605871398942
